"variant","scenario","sample","messages","wall_ms","throughput_per_s","p50_ms","p95_ms","p99_ms","mean_queue_ms","sender_cpu_ms","fixture_cpu_ms","process_cpu_ms","sender_allocated_bytes","gc_ms","attachment_opens","attachment_read_bytes","received_bytes","fork"
"baseline","small-batch","1","2000","8851.085900","225.961","4.003000","7.003400","8.517500","0.002202","406.250000","15.625000","1437.500000","868953880","12","0","0","734000","1"
"baseline","small-batch","2","2000","8290.195500","241.249","4.000500","6.007900","8.038700","0.002001","578.125000","31.250000","1078.125000","863537832","9","0","0","734000","1"
"baseline","small-pooled","1","2000","1511.676900","1323.034","22.554500","28.241300","32.009100","16.804420","5546.875000","265.625000","7406.250000","866777504","10","0","0","734000","1"
"baseline","small-pooled","2","2000","1566.646800","1276.612","23.559900","30.068300","34.387800","17.815512","3171.875000","218.750000","4875.000000","864040352","11","0","0","734000","1"
"baseline","memory-batch","1","60","875.187900","68.557","14.701900","16.995400","17.147600","0.000000","0.000000","46.875000","62.500000","55418336","0","180","31703040","21574164","1"
"baseline","memory-batch","2","60","807.674500","74.287","13.030500","14.997400","15.994600","0.000000","31.250000","31.250000","78.125000","55396464","0","180","31703040","21574260","1"
"baseline","file-batch","1","60","961.951700","62.373","15.165400","19.722200","22.119300","0.000000","46.875000","46.875000","109.375000","55424440","3","180","31703040","21574256","1"
"baseline","file-batch","2","60","1071.272500","56.008","17.654300","20.006200","25.573300","0.000000","46.875000","15.625000","62.500000","55423920","0","180","31703040","21574244","1"
"baseline","memory-pooled","1","60","405.155600","148.091","45.553100","91.057600","352.230600","32.420490","421.875000","281.250000","875.000000","55484336","0","180","31703040","21574264","1"
"baseline","memory-pooled","2","60","139.269100","430.821","68.127200","71.161500","73.158900","38.174762","31.250000","31.250000","93.750000","55484704","0","180","31703040","21574232","1"
"baseline","exact-batch","1","60","1008.633000","59.486","16.994000","17.995000","18.999500","0.000000","0.000000","0.000000","0.000000","90514208","0","0","0","21574380","1"
"baseline","exact-batch","2","60","1051.857600","57.042","17.003800","19.514300","20.840500","0.000000","78.125000","93.750000","203.125000","90511248","3","0","0","21574380","1"
"baseline","exact-pooled","1","60","165.102800","363.410","81.874400","84.876000","85.999500","45.835652","125.000000","140.625000","375.000000","90613432","0","0","0","21574140","1"
"baseline","exact-pooled","2","60","166.994900","359.292","82.317400","84.943400","86.946500","46.549518","140.625000","203.125000","484.375000","90613848","2","0","0","21574140","1"
"baseline","dkim-batch","1","60","1765.716200","33.981","29.004700","32.053500","35.520600","0.000000","656.250000","31.250000","687.500000","433208784","1","120","15974400","21613280","1"
"baseline","dkim-batch","2","60","1852.528600","32.388","29.999100","36.992300","41.005200","0.000000","546.875000","0.000000","718.750000","433212768","3","120","15974400","21613232","1"
"baseline","limit-batch","1","60","1190.094000","50.416","20.003400","25.072500","28.150000","0.000000","406.250000","250.000000","703.125000","71072176","0","240","47431680","21574336","1"
"baseline","limit-batch","2","60","961.018700","62.434","16.000600","17.509800","18.007900","0.000000","46.875000","0.000000","46.875000","71074648","0","240","47431680","21574460","1"
"baseline","small-nosize","1","2000","7230.754700","276.596","3.584900","4.999800","5.998100","0.000516","296.875000","0.000000","500.000000","860017600","4","0","0","734000","1"
"baseline","small-nosize","2","2000","6818.164300","293.334","3.005700","4.043900","5.002000","0.000000","296.875000","0.000000","312.500000","859765896","2","0","0","734000","1"
"baseline","memory-nosize","1","60","772.260400","77.694","12.999100","13.711600","13.995400","0.000000","0.000000","15.625000","328.125000","55389976","0","180","31703040","21574500","1"
"baseline","memory-nosize","2","60","792.224200","75.736","13.019200","14.191700","14.996700","0.000000","0.000000","15.625000","31.250000","55383872","0","180","31703040","21574492","1"
"baseline","exact-nosize","1","60","1021.905200","58.714","16.999700","19.004700","20.001900","0.000000","15.625000","15.625000","31.250000","90401880","0","0","0","21574620","1"
"baseline","exact-nosize","2","60","1003.522400","59.789","16.686600","18.004600","19.980600","0.000000","15.625000","0.000000","31.250000","90402128","0","0","0","21574620","1"
"neither","small-batch","1","2000","6348.269700","315.046","3.000800","4.512600","5.590800","0.000999","437.500000","359.375000","1546.875000","654841600","10","0","0","734000","1"
"neither","small-batch","2","2000","6029.424200","331.707","3.000000","4.000600","4.065700","0.000501","453.125000","78.125000","984.375000","650523008","10","0","0","734000","1"
"neither","small-pooled","1","2000","1183.725300","1689.581","17.999900","22.003200","27.995800","13.677853","2140.625000","203.125000","3921.875000","654005232","5","0","0","734000","1"
"neither","small-pooled","2","2000","1333.235300","1500.110","17.997500","25.999500","34.002200","12.784885","5609.375000","390.625000","10703.125000","651022344","7","0","0","734000","1"
"neither","memory-batch","1","60","783.665000","76.563","13.001300","14.999800","16.000200","0.000000","0.000000","15.625000","156.250000","39284256","3","120","15974400","21574140","1"
"neither","memory-batch","2","60","658.234000","91.153","11.000000","12.001000","12.093900","0.000000","31.250000","140.625000","187.500000","39252144","0","120","15974400","21574276","1"
"neither","file-batch","1","60","662.267100","90.598","11.000000","12.038400","12.180800","0.000000","15.625000","0.000000","15.625000","39292760","0","120","15974400","21574244","1"
"neither","file-batch","2","60","684.204600","87.693","11.002500","12.999200","13.002600","0.000000","46.875000","15.625000","62.500000","39291848","0","120","15974400","21574264","1"
"neither","memory-pooled","1","60","123.132400","487.280","59.000200","62.001900","62.002800","33.033687","0.000000","78.125000","156.250000","39359672","0","120","15974400","21574232","1"
"neither","memory-pooled","2","60","131.297900","456.976","60.023000","69.351400","76.350500","36.614267","234.375000","250.000000","703.125000","39348920","0","120","15974400","21574244","1"
"neither","exact-batch","1","60","500.137600","119.967","8.002200","9.507900","10.313300","0.000000","0.000000","62.500000","78.125000","31267280","0","0","0","21574380","1"
"neither","exact-batch","2","60","491.665800","122.034","8.000500","9.003100","9.504800","0.000000","0.000000","15.625000","15.625000","31262448","0","0","0","21574380","1"
"neither","exact-pooled","1","60","82.558500","726.757","40.539400","43.208500","44.539800","22.848085","46.875000","156.250000","250.000000","31368944","0","0","0","21574140","1"
"neither","exact-pooled","2","60","83.150500","721.583","38.999700","43.998400","45.999800","23.432787","0.000000","109.375000","109.375000","31369200","3","0","0","21574140","1"
"neither","dkim-batch","1","60","1195.462100","50.190","19.759600","21.139800","25.139500","0.000000","31.250000","0.000000","31.250000","373458176","5","120","15974400","21613260","1"
"neither","dkim-batch","2","60","1204.843600","49.799","20.000300","22.078800","23.513900","0.000000","31.250000","0.000000","31.250000","373434800","2","120","15974400","21613264","1"
"neither","limit-batch","1","60","863.574300","69.479","14.073600","15.993100","17.002200","0.000000","93.750000","93.750000","187.500000","55142040","1","180","31703040","21574356","1"
"neither","limit-batch","2","60","824.266800","72.792","13.999300","15.002000","16.506900","0.000000","62.500000","15.625000","93.750000","55144176","0","180","31703040","21574460","1"
"neither","small-nosize","1","2000","5431.481400","368.224","2.999100","3.053800","4.002100","0.001001","312.500000","15.625000","515.625000","647909864","5","0","0","734000","1"
"neither","small-nosize","2","2000","5562.739000","359.535","2.999600","3.506200","4.001600","0.000501","156.250000","15.625000","250.000000","647715080","4","0","0","734000","1"
"neither","memory-nosize","1","60","725.431100","82.709","12.000700","13.998500","14.737800","0.000000","93.750000","140.625000","250.000000","39267288","0","120","15974400","21574488","1"
"neither","memory-nosize","2","60","694.777700","86.359","11.587000","12.572300","13.999900","0.000000","31.250000","31.250000","234.375000","39265376","0","120","15974400","21574476","1"
"neither","exact-nosize","1","60","491.936300","121.967","8.000200","9.001300","9.123200","0.000000","0.000000","62.500000","78.125000","31247784","0","0","0","21574620","1"
"neither","exact-nosize","2","60","479.783900","125.056","7.999400","9.006500","9.992800","0.000000","0.000000","0.000000","0.000000","31247976","0","0","0","21574620","1"
"no-inspection","small-batch","1","2000","8129.901000","246.005","4.000000","5.610200","6.995400","0.001753","312.500000","0.000000","1296.875000","862598136","11","0","0","734000","1"
"no-inspection","small-batch","2","2000","7307.910900","273.676","3.996300","4.519700","5.005000","0.000481","343.750000","171.875000","750.000000","858654504","9","0","0","734000","1"
"no-inspection","small-pooled","1","2000","1302.380900","1535.649","20.025700","23.999400","25.007000","15.315760","515.625000","62.500000","1250.000000","862194040","8","0","0","734000","1"
"no-inspection","small-pooled","2","2000","1306.216200","1531.140","20.784400","24.000100","25.998300","15.402855","671.875000","46.875000","1187.500000","859153008","9","0","0","734000","1"
"no-inspection","memory-batch","1","60","845.499500","70.964","13.999700","15.689000","19.038500","0.000000","156.250000","62.500000","234.375000","55172504","5","180","31703040","21574164","1"
"no-inspection","memory-batch","2","60","839.601900","71.462","14.000300","15.003700","15.505900","0.000000","62.500000","46.875000","234.375000","55146112","0","180","31703040","21574260","1"
"no-inspection","file-batch","1","60","850.879700","70.515","14.001500","15.505300","16.004100","0.000000","31.250000","15.625000","125.000000","55186008","0","180","31703040","21574256","1"
"no-inspection","file-batch","2","60","815.876100","73.541","13.116900","15.505000","19.001700","0.000000","62.500000","78.125000","171.875000","55185464","4","180","31703040","21574244","1"
"no-inspection","memory-pooled","1","60","135.171000","443.882","65.961400","70.999300","75.669500","37.704405","46.875000","0.000000","156.250000","55242000","0","180","31703040","21574268","1"
"no-inspection","memory-pooled","2","60","136.727400","438.829","65.623000","72.425600","74.426300","38.368142","78.125000","15.625000","156.250000","55238792","0","180","31703040","21574260","1"
"no-inspection","exact-batch","1","60","498.567300","120.345","8.034800","9.029800","10.015300","0.000000","31.250000","15.625000","46.875000","31304600","0","0","0","21574380","1"
"no-inspection","exact-batch","2","60","501.870100","119.553","8.003200","9.619100","12.734300","0.000000","0.000000","0.000000","0.000000","31299816","3","0","0","21574380","1"
"no-inspection","exact-pooled","1","60","72.321700","829.627","34.997800","37.077800","40.079200","19.914892","31.250000","15.625000","46.875000","31406104","0","0","0","21574140","1"
"no-inspection","exact-pooled","2","60","79.251000","757.088","38.999300","41.000300","41.000300","21.952012","15.625000","156.250000","203.125000","31406768","0","0","0","21574140","1"
"no-inspection","dkim-batch","1","60","1316.708100","45.568","21.001300","26.000700","28.001300","0.000000","140.625000","15.625000","203.125000","373874952","1","120","15974400","21613268","1"
"no-inspection","dkim-batch","2","60","1261.912900","47.547","20.758700","24.967500","26.665800","0.000000","156.250000","15.625000","187.500000","373846840","2","120","15974400","21613240","1"
"no-inspection","limit-batch","1","60","897.231800","66.872","14.999600","15.998800","17.375400","0.000000","31.250000","31.250000","62.500000","71035320","0","240","47431680","21574344","1"
"no-inspection","limit-batch","2","60","973.549700","61.630","16.000700","17.118600","18.004500","0.000000","31.250000","78.125000","156.250000","71039024","0","240","47431680","21574508","1"
"no-inspection","small-nosize","1","2000","7344.280700","272.321","3.996400","4.999800","5.339900","0.000000","281.250000","203.125000","687.500000","854772264","6","0","0","734000","1"
"no-inspection","small-nosize","2","2000","7019.387700","284.925","3.505600","4.463300","5.001900","0.000000","468.750000","31.250000","765.625000","854572488","5","0","0","734000","1"
"no-inspection","memory-nosize","1","60","820.603000","73.117","13.996800","14.543700","15.003200","0.000000","31.250000","0.000000","78.125000","55145744","1","180","31703040","21574508","1"
"no-inspection","memory-nosize","2","60","824.593500","72.763","13.992600","14.685400","15.975600","0.032893","109.375000","125.000000","265.625000","55140944","0","180","31703040","21574488","1"
"no-inspection","exact-nosize","1","60","493.752800","121.518","8.003200","9.108900","10.177900","0.000000","0.000000","0.000000","0.000000","31259280","0","0","0","21574380","1"
"no-inspection","exact-nosize","2","60","490.891100","122.227","8.000100","9.211000","10.001200","0.016652","46.875000","0.000000","46.875000","31259384","0","0","0","21574380","1"
"no-size","small-batch","1","2000","6585.946000","303.677","3.001800","4.995300","5.996700","0.001499","250.000000","15.625000","1046.875000","676047784","10","0","0","734000","1"
"no-size","small-batch","2","2000","5839.424800","342.499","2.999800","3.998800","4.034200","0.001017","156.250000","0.000000","515.625000","670456768","9","0","0","734000","1"
"no-size","small-pooled","1","2000","1258.745500","1588.884","18.999500","24.000200","29.526800","14.099504","4531.250000","281.250000","7703.125000","673868064","7","0","0","734000","1"
"no-size","small-pooled","2","2000","1848.173700","1082.149","17.999400","40.271700","149.262400","14.891940","6937.500000","703.125000","11484.375000","669866704","10","0","0","734000","1"
"no-size","memory-batch","1","60","839.834300","71.443","13.999500","16.017600","18.006100","0.000000","15.625000","31.250000","312.500000","40430488","0","120","15974400","21574176","1"
"no-size","memory-batch","2","60","702.552400","85.403","11.517800","13.517500","17.965300","0.000000","15.625000","0.000000","15.625000","40407880","0","120","15974400","21574252","1"
"no-size","file-batch","1","60","680.833000","88.127","11.038000","12.202400","13.020000","0.000000","15.625000","0.000000","15.625000","40455112","0","120","15974400","21574244","1"
"no-size","file-batch","2","60","692.881400","86.595","11.549300","12.212600","12.519700","0.000000","15.625000","0.000000","31.250000","40451800","0","120","15974400","21574236","1"
"no-size","memory-pooled","1","60","126.938300","472.671","59.002000","69.329400","73.179400","35.421232","281.250000","109.375000","546.875000","40521608","0","120","15974400","21574272","1"
"no-size","memory-pooled","2","60","124.504300","481.911","60.519200","64.004800","64.374500","34.239213","78.125000","0.000000","125.000000","40520512","0","120","15974400","21574264","1"
"no-size","exact-batch","1","60","1014.660100","59.133","16.999800","17.996700","18.129900","0.000000","62.500000","15.625000","93.750000","90918136","0","0","0","21574380","1"
"no-size","exact-batch","2","60","1005.625400","59.664","16.998500","18.000000","18.529300","0.000000","15.625000","15.625000","62.500000","90912768","0","0","0","21574380","1"
"no-size","exact-pooled","1","60","159.691500","375.724","77.509300","81.507200","82.018900","43.771210","78.125000","46.875000","234.375000","91014496","0","0","0","21574140","1"
"no-size","exact-pooled","2","60","153.978500","389.665","73.001500","81.561600","82.562800","43.248038","156.250000","78.125000","265.625000","91012408","0","0","0","21574140","1"
"no-size","dkim-batch","1","60","1684.770300","35.613","27.998400","30.088600","33.001100","0.000000","859.375000","0.000000","859.375000","433831984","2","120","15974400","21613232","1"
"no-size","dkim-batch","2","60","1786.204700","33.591","29.004700","33.501600","35.002300","0.000000","562.500000","15.625000","593.750000","433835152","3","120","15974400","21613212","1"
"no-size","limit-batch","1","60","784.543400","76.478","13.003000","14.045800","15.031100","0.000000","0.000000","0.000000","0.000000","56388800","0","180","31703040","21574336","1"
"no-size","limit-batch","2","60","802.115000","74.802","13.028200","14.987700","16.011800","0.000000","15.625000","0.000000","15.625000","56381584","0","180","31703040","21574500","1"
"no-size","small-nosize","1","2000","5686.635500","351.702","2.999700","3.617200","4.003900","0.000500","156.250000","0.000000","406.250000","667869808","4","0","0","734000","1"
"no-size","small-nosize","2","2000","5740.371000","348.410","2.999500","3.998700","4.009200","0.001000","93.750000","15.625000","156.250000","667510552","3","0","0","734000","1"
"no-size","memory-nosize","1","60","676.335600","88.713","11.003400","12.526400","13.565800","0.000000","15.625000","15.625000","62.500000","40419184","0","120","15974400","21574508","1"
"no-size","memory-nosize","2","60","721.996200","83.103","12.005500","13.159300","15.592100","0.000000","0.000000","31.250000","78.125000","40417608","0","120","15974400","21574500","1"
"no-size","exact-nosize","1","60","1029.466200","58.283","17.000900","19.507300","20.517400","0.000000","46.875000","125.000000","171.875000","90793256","0","0","0","21574620","1"
"no-size","exact-nosize","2","60","984.824200","60.925","16.214900","17.598300","18.093300","0.000000","0.000000","31.250000","46.875000","90793536","0","0","0","21574620","1"
"baseline","small-batch","1","2000","7675.026800","260.585","3.999000","5.082100","6.998800","0.001000","234.375000","203.125000","2031.250000","868964352","12","0","0","734000","2"
"baseline","small-batch","2","2000","6937.494900","288.289","3.007600","4.036400","5.001600","0.000000","250.000000","0.000000","578.125000","863732824","9","0","0","734000","2"
"baseline","small-pooled","1","2000","1353.795700","1477.328","20.999500","25.008800","28.000300","15.803446","2062.500000","93.750000","3500.000000","866651368","9","0","0","734000","2"
"baseline","small-pooled","2","2000","1214.890000","1646.240","19.077000","22.009500","25.003200","14.314204","656.250000","31.250000","1031.250000","864062632","9","0","0","734000","2"
"baseline","memory-batch","1","60","820.603800","73.117","13.016700","15.635100","16.551900","0.000000","0.000000","0.000000","265.625000","55437448","0","180","31703040","21574176","2"
"baseline","memory-batch","2","60","835.122800","71.846","13.999500","14.973100","15.008900","0.000000","15.625000","0.000000","15.625000","55412952","0","180","31703040","21574264","2"
"baseline","file-batch","1","60","829.211400","72.358","13.998200","15.001400","19.001400","0.000000","0.000000","0.000000","0.000000","55454096","3","180","31703040","21574244","2"
"baseline","file-batch","2","60","929.704500","64.537","15.011000","18.003800","19.002900","0.000000","46.875000","62.500000","500.000000","55429368","0","180","31703040","21574260","2"
"baseline","memory-pooled","1","60","152.525500","393.377","73.999000","84.700200","86.183200","42.379702","531.250000","390.625000","1203.125000","55469816","0","180","31703040","21574268","2"
"baseline","memory-pooled","2","60","152.129600","394.401","73.658900","86.661300","90.239600","42.655382","562.500000","484.375000","1312.500000","55464088","0","180","31703040","21574232","2"
"baseline","exact-batch","1","60","997.996400","60.120","16.138400","18.162300","22.190300","0.000000","15.625000","0.000000","15.625000","90508448","0","0","0","21574380","2"
"baseline","exact-batch","2","60","1025.114000","58.530","16.999700","18.164000","21.032100","0.000000","31.250000","15.625000","62.500000","90505664","3","0","0","21574380","2"
"baseline","exact-pooled","1","60","149.876900","400.329","74.006500","77.006300","78.999900","41.979040","62.500000","62.500000","250.000000","90612072","0","0","0","21574380","2"
"baseline","exact-pooled","2","60","150.585600","398.444","73.002800","78.998300","79.645000","42.240420","62.500000","78.125000","187.500000","90610392","2","0","0","21574380","2"
"baseline","dkim-batch","1","60","1802.113900","33.294","29.130800","34.001500","39.004500","0.000000","750.000000","0.000000","812.500000","433203736","2","120","15974400","21613288","2"
"baseline","dkim-batch","2","60","1737.457800","34.533","28.542700","32.003000","33.999500","0.000000","765.625000","0.000000","765.625000","433201904","5","120","15974400","21613252","2"
"baseline","limit-batch","1","60","870.434200","68.931","14.203300","15.534600","17.996700","0.000000","0.000000","0.000000","0.000000","71064296","0","240","47431680","21574344","2"
"baseline","limit-batch","2","60","920.620100","65.173","15.002800","16.092500","17.001800","0.000000","15.625000","0.000000","15.625000","71066048","0","240","47431680","21574528","2"
"baseline","small-nosize","1","2000","6669.978500","299.851","3.001500","4.009700","4.999400","0.000000","281.250000","0.000000","515.625000","860174568","6","0","0","734000","2"
"baseline","small-nosize","2","2000","6762.382700","295.754","3.005600","4.008100","4.797400","0.000500","140.625000","0.000000","156.250000","859831200","5","0","0","734000","2"
"baseline","memory-nosize","1","60","797.462900","75.239","13.000400","14.012100","16.510900","0.000000","0.000000","15.625000","296.875000","55387968","0","180","31703040","21574520","2"
"baseline","memory-nosize","2","60","807.141500","74.336","13.003000","15.000200","16.086400","0.000000","15.625000","0.000000","31.250000","55381816","0","180","31703040","21574512","2"
"baseline","exact-nosize","1","60","1008.872900","59.472","16.987300","18.004100","18.528300","0.000000","0.000000","0.000000","0.000000","90397688","0","0","0","21574620","2"
"baseline","exact-nosize","2","60","987.657400","60.750","16.029400","17.442300","18.968200","0.000000","0.000000","0.000000","15.625000","90397808","2","0","0","21574620","2"
"neither","small-batch","1","2000","6445.111900","310.313","3.000900","4.007600","5.002500","0.001503","343.750000","109.375000","1031.250000","654942936","8","0","0","734000","2"
"neither","small-batch","2","2000","5993.778000","333.679","3.000000","4.001300","4.211100","0.001007","125.000000","0.000000","578.125000","651573392","9","0","0","734000","2"
"neither","small-pooled","1","2000","1092.941000","1829.925","17.001600","20.165200","22.001800","12.843988","718.750000","62.500000","1203.125000","654759656","6","0","0","734000","2"
"neither","small-pooled","2","2000","1081.355100","1849.531","17.006800","20.826000","24.035100","12.695294","703.125000","109.375000","1578.125000","651990136","6","0","0","734000","2"
"neither","memory-batch","1","60","706.604600","84.913","11.998600","13.000100","15.002900","0.000000","15.625000","0.000000","15.625000","39306360","3","120","15974400","21574196","2"
"neither","memory-batch","2","60","683.249800","87.816","11.001500","12.005900","13.004900","0.000000","15.625000","15.625000","46.875000","39273368","0","120","15974400","21574236","2"
"neither","file-batch","1","60","739.747900","81.109","12.001800","13.511100","18.003800","0.000000","15.625000","0.000000","15.625000","39306080","0","120","15974400","21574240","2"
"neither","file-batch","2","60","731.258900","82.050","12.001000","14.000100","14.589900","0.000000","0.000000","281.250000","359.375000","39304464","0","120","15974400","21574268","2"
"neither","memory-pooled","1","60","113.882700","526.858","53.513300","60.518800","61.518900","32.007195","46.875000","15.625000","156.250000","39371728","3","120","15974400","21574268","2"
"neither","memory-pooled","2","60","112.777200","532.022","55.000100","58.000600","58.997900","31.022017","15.625000","62.500000","156.250000","39365616","0","120","15974400","21574232","2"
"neither","exact-batch","1","60","497.789000","120.533","8.003200","9.030900","10.042500","0.000000","0.000000","15.625000","31.250000","31267920","0","0","0","21574140","2"
"neither","exact-batch","2","60","507.015200","118.340","8.007600","10.001200","11.000400","0.000000","0.000000","15.625000","109.375000","31256824","0","0","0","21574140","2"
"neither","exact-pooled","1","60","79.812400","751.763","38.998500","42.149700","43.150200","22.209880","31.250000","109.375000","156.250000","31362448","0","0","0","21574380","2"
"neither","exact-pooled","2","60","354.025500","169.479","43.405700","52.399600","345.047900","25.134773","187.500000","250.000000","531.250000","31361448","4","0","0","21574380","2"
"neither","dkim-batch","1","60","1305.333000","45.965","20.999000","25.999600","28.148000","0.016702","187.500000","46.875000","250.000000","373485960","7","120","15974400","21613272","2"
"neither","dkim-batch","2","60","1201.139900","49.953","19.998200","21.212100","26.516900","0.000000","31.250000","0.000000","31.250000","373434032","3","120","15974400","21613260","2"
"neither","limit-batch","1","60","791.876100","75.769","13.000700","14.082900","15.035900","0.000000","0.000000","281.250000","281.250000","55139256","0","180","31703040","21574336","2"
"neither","limit-batch","2","60","781.391700","76.786","13.000200","14.000900","16.004400","0.000000","0.000000","15.625000","140.625000","55141312","0","180","31703040","21574488","2"
"neither","small-nosize","1","2000","6078.367500","329.036","3.000000","4.000500","4.998900","0.000506","359.375000","15.625000","593.750000","648200632","4","0","0","734000","2"
"neither","small-nosize","2","2000","5513.001000","362.779","2.999300","3.512800","4.002300","0.000000","156.250000","0.000000","500.000000","647794608","3","0","0","734000","2"
"neither","memory-nosize","1","60","682.059000","87.969","11.001500","12.026800","13.000000","0.000000","15.625000","15.625000","46.875000","39279400","0","120","15974400","21574508","2"
"neither","memory-nosize","2","60","667.257000","89.920","11.004300","12.031200","14.626100","0.000000","0.000000","0.000000","15.625000","39277304","0","120","15974400","21574444","2"
"neither","exact-nosize","1","60","489.849400","122.487","8.001400","9.002400","10.692800","0.000000","31.250000","15.625000","46.875000","31241928","0","0","0","21574620","2"
"neither","exact-nosize","2","60","495.676100","121.047","8.001800","9.026600","9.997400","0.000000","15.625000","15.625000","31.250000","31242120","0","0","0","21574620","2"
"no-inspection","small-batch","1","2000","7955.806000","251.389","3.999800","5.039800","6.006300","0.000998","375.000000","46.875000","1406.250000","862905968","13","0","0","734000","2"
"no-inspection","small-batch","2","2000","7335.411200","272.650","3.998100","4.572900","5.002400","0.000000","359.375000","62.500000","671.875000","859006952","10","0","0","734000","2"
"no-inspection","small-pooled","1","2000","1422.577700","1405.899","22.000900","26.496500","29.495600","16.651949","2593.750000","203.125000","4046.875000","862283760","10","0","0","734000","2"
"no-inspection","small-pooled","2","2000","1261.489500","1585.427","20.000200","23.001800","25.069400","14.880096","578.125000","62.500000","1093.750000","859258056","8","0","0","734000","2"
"no-inspection","memory-batch","1","60","838.799500","71.531","14.000100","15.004200","15.647700","0.000000","31.250000","62.500000","93.750000","55202320","0","180","31703040","21574140","2"
"no-inspection","memory-batch","2","60","859.156100","69.836","14.001200","15.999800","16.508500","0.000000","78.125000","46.875000","125.000000","55178536","0","180","31703040","21574216","2"
"no-inspection","file-batch","1","60","845.416800","70.971","14.000900","15.004400","16.094200","0.000000","62.500000","62.500000","125.000000","55216464","0","180","31703040","21574268","2"
"no-inspection","file-batch","2","60","800.021600","74.998","13.005400","14.008100","15.998600","0.000000","15.625000","31.250000","46.875000","55212296","3","180","31703040","21574236","2"
"no-inspection","memory-pooled","1","60","142.959900","419.698","70.779700","75.003800","77.006800","39.796482","125.000000","140.625000","359.375000","55273304","0","180","31703040","21574284","2"
"no-inspection","memory-pooled","2","60","143.038400","419.468","70.630500","73.007500","74.514100","39.772070","78.125000","31.250000","234.375000","55274256","0","180","31703040","21574256","2"
"no-inspection","exact-batch","1","60","486.269900","123.388","8.000300","9.001700","9.032000","0.000000","0.000000","15.625000","15.625000","31316424","0","0","0","21574140","2"
"no-inspection","exact-batch","2","60","518.601300","115.696","8.300600","10.000000","12.837600","0.000000","15.625000","15.625000","46.875000","31311536","4","0","0","21574140","2"
"no-inspection","exact-pooled","1","60","83.323100","720.088","39.878600","42.875900","44.001900","22.806955","15.625000","15.625000","109.375000","31418248","0","0","0","21574380","2"
"no-inspection","exact-pooled","2","60","85.736500","699.819","41.000100","46.676000","49.183300","24.098147","78.125000","93.750000","250.000000","31418864","0","0","0","21574380","2"
"no-inspection","dkim-batch","1","60","1255.633400","47.785","20.997300","23.000500","26.999200","0.000000","171.875000","46.875000","343.750000","373899880","1","120","15974400","21613256","2"
"no-inspection","dkim-batch","2","60","1222.809600","49.067","20.004400","21.514500","22.865800","0.000000","15.625000","31.250000","62.500000","373871176","1","120","15974400","21613228","2"
"no-inspection","limit-batch","1","60","905.504500","66.261","15.003900","16.004500","16.514400","0.000000","0.000000","0.000000","78.125000","71071064","0","240","47431680","21574360","2"
"no-inspection","limit-batch","2","60","958.780500","62.579","15.999200","17.004200","17.999700","0.000000","78.125000","62.500000","140.625000","71074008","0","240","47431680","21574496","2"
"no-inspection","small-nosize","1","2000","7040.999600","284.051","3.507900","4.058500","5.000800","0.000000","343.750000","31.250000","546.875000","855256784","5","0","0","734000","2"
"no-inspection","small-nosize","2","2000","7089.512900","282.107","3.588300","4.035800","5.000900","0.000000","359.375000","78.125000","453.125000","855158736","5","0","0","734000","2"
"no-inspection","memory-nosize","1","60","847.735500","70.777","14.000200","15.441900","16.007100","0.000000","31.250000","0.000000","125.000000","55179992","2","180","31703040","21574504","2"
"no-inspection","memory-nosize","2","60","799.790600","75.020","13.003300","15.003400","16.998100","0.000000","15.625000","0.000000","31.250000","55171312","0","180","31703040","21574508","2"
"no-inspection","exact-nosize","1","60","516.098500","116.257","8.551100","9.012700","13.005500","0.000000","15.625000","46.875000","62.500000","31264456","0","0","0","21574620","2"
"no-inspection","exact-nosize","2","60","500.945600","119.773","8.000700","9.003200","10.997300","0.000000","15.625000","0.000000","15.625000","31264696","0","0","0","21574620","2"
"no-size","small-batch","1","2000","6713.569300","297.904","3.000700","5.001000","6.001400","0.000500","296.875000","78.125000","1171.875000","676229960","8","0","0","734000","2"
"no-size","small-batch","2","2000","6136.234400","325.933","3.000100","4.001200","4.832200","0.002000","546.875000","46.875000","859.375000","670809992","9","0","0","734000","2"
"no-size","small-pooled","1","2000","1015.431400","1969.606","15.999500","19.001800","21.005100","11.943548","656.250000","62.500000","1000.000000","673788120","5","0","0","734000","2"
"no-size","small-pooled","2","2000","1036.746000","1929.113","16.005900","19.000900","20.312400","12.144547","781.250000","31.250000","1046.875000","671487288","8","0","0","734000","2"
"no-size","memory-batch","1","60","777.700700","77.151","12.999200","14.166400","15.871000","0.000000","125.000000","46.875000","187.500000","40454112","0","120","15974400","21574176","2"
"no-size","memory-batch","2","60","706.113800","84.972","11.999500","13.000400","13.004500","0.000000","46.875000","46.875000","109.375000","40435144","0","120","15974400","21574252","2"
"no-size","file-batch","1","60","692.910500","86.591","11.077600","12.621200","14.000100","0.000000","15.625000","0.000000","15.625000","40471544","0","120","15974400","21574244","2"
"no-size","file-batch","2","60","681.109800","88.092","11.000600","12.104500","13.001700","0.000000","0.000000","46.875000","140.625000","40464024","0","120","15974400","21574236","2"
"no-size","memory-pooled","1","60","118.510900","506.283","56.003700","62.008700","66.380100","33.381012","15.625000","15.625000","125.000000","40517560","0","120","15974400","21574252","2"
"no-size","memory-pooled","2","60","106.903100","561.256","52.585800","56.628200","57.630500","30.149135","31.250000","31.250000","62.500000","40507176","0","120","15974400","21574244","2"
"no-size","exact-batch","1","60","1036.299100","57.898","17.002700","18.103700","19.999800","0.000000","46.875000","31.250000","78.125000","90909856","0","0","0","21574380","2"
"no-size","exact-batch","2","60","1052.775700","56.992","17.084400","19.005900","20.999000","0.000000","93.750000","15.625000","203.125000","90903816","0","0","0","21574380","2"
"no-size","exact-pooled","1","60","165.023400","363.585","80.999600","84.755000","87.755200","45.985202","78.125000","78.125000","218.750000","91001080","0","0","0","21574140","2"
"no-size","exact-pooled","2","60","158.852600","377.709","78.109300","82.379700","83.482300","44.241275","93.750000","125.000000","218.750000","91000648","0","0","0","21574140","2"
"no-size","dkim-batch","1","60","1744.830800","34.387","28.968400","33.111000","34.995400","0.000000","734.375000","46.875000","781.250000","433802832","2","120","15974400","21613232","2"
"no-size","dkim-batch","2","60","1712.845000","35.029","28.005200","30.508200","34.000000","0.000000","687.500000","78.125000","765.625000","433799160","3","120","15974400","21613212","2"
"no-size","limit-batch","1","60","847.551800","70.792","14.000400","15.997700","16.004400","0.000000","31.250000","46.875000","78.125000","56374840","0","180","31703040","21574336","2"
"no-size","limit-batch","2","60","764.538900","78.479","12.999000","13.999500","15.001900","0.000000","0.000000","15.625000","15.625000","56377160","0","180","31703040","21574500","2"
"no-size","small-nosize","1","2000","5887.039400","339.729","2.999900","4.000000","4.008000","0.000520","421.875000","31.250000","734.375000","667643464","4","0","0","734000","2"
"no-size","small-nosize","2","2000","5725.895500","349.290","2.999800","3.997900","4.005200","0.000252","328.125000","46.875000","765.625000","667244648","3","0","0","734000","2"
"no-size","memory-nosize","1","60","678.551300","88.424","11.001600","12.061600","13.002300","0.000000","31.250000","31.250000","62.500000","40428472","0","120","15974400","21574508","2"
"no-size","memory-nosize","2","60","654.104400","91.728","10.999900","11.999900","12.017100","0.000000","0.000000","0.000000","31.250000","40425168","0","120","15974400","21574500","2"
"no-size","exact-nosize","1","60","973.553900","61.630","16.006700","17.518900","18.032300","0.000000","0.000000","46.875000","46.875000","90812288","0","0","0","21574620","2"
"no-size","exact-nosize","2","60","1054.015800","56.925","17.264600","19.000500","20.579600","0.000000","125.000000","78.125000","218.750000","90812528","0","0","0","21574620","2"
"baseline","small-batch","1","2000","7655.630100","261.246","3.998900","5.004100","6.514600","0.000500","281.250000","78.125000","1484.375000","868865160","12","0","0","734000","3"
"baseline","small-batch","2","2000","6913.848300","289.274","3.005100","4.014000","5.001700","0.000499","421.875000","78.125000","1031.250000","863307176","10","0","0","734000","3"
"baseline","small-pooled","1","2000","1378.181100","1451.188","21.517900","25.000400","27.000700","16.087860","1265.625000","125.000000","2125.000000","866739672","9","0","0","734000","3"
"baseline","small-pooled","2","2000","1364.828600","1465.385","21.000700","25.382200","27.807900","15.873988","2078.125000","109.375000","3765.625000","864204288","9","0","0","734000","3"
"baseline","memory-batch","1","60","845.462700","70.967","14.000500","15.999300","16.510600","0.000000","31.250000","46.875000","234.375000","55414640","0","180","31703040","21574172","3"
"baseline","memory-batch","2","60","775.880400","77.332","13.000700","14.001000","14.508400","0.000000","0.000000","15.625000","15.625000","55397368","0","180","31703040","21574260","3"
"baseline","file-batch","1","60","818.638300","73.292","13.253400","15.719500","18.000600","0.000000","62.500000","0.000000","62.500000","55419896","4","180","31703040","21574244","3"
"baseline","file-batch","2","60","861.134500","69.676","14.004000","16.000400","18.008200","0.000000","0.000000","31.250000","62.500000","55417160","0","180","31703040","21574236","3"
"baseline","memory-pooled","1","60","145.239100","413.112","71.991300","80.999300","84.000700","40.830245","156.250000","78.125000","390.625000","55469784","0","180","31703040","21574264","3"
"baseline","memory-pooled","2","60","143.220700","418.934","70.630100","76.258400","77.256800","39.854285","140.625000","62.500000","312.500000","55468656","0","180","31703040","21574244","3"
"baseline","exact-batch","1","60","1018.189200","58.928","17.000000","18.000300","19.008100","0.000000","93.750000","15.625000","265.625000","90507968","0","0","0","21574140","3"
"baseline","exact-batch","2","60","1013.527600","59.199","16.999600","18.003100","20.008900","0.000000","93.750000","93.750000","187.500000","90500832","3","0","0","21574140","3"
"baseline","exact-pooled","1","60","164.213400","365.378","80.998700","83.871800","85.873800","45.648422","171.875000","328.125000","625.000000","90614184","0","0","0","21574380","3"
"baseline","exact-pooled","2","60","148.297600","404.592","74.101300","76.486000","78.486300","41.584120","78.125000","62.500000","203.125000","90614320","2","0","0","21574380","3"
"baseline","dkim-batch","1","60","1678.886300","35.738","27.964600","30.004900","31.177100","0.000000","812.500000","31.250000","875.000000","433170448","3","120","15974400","21613264","3"
"baseline","dkim-batch","2","60","1738.073000","34.521","28.997800","31.134000","35.004600","0.000000","750.000000","62.500000","828.125000","433173824","3","120","15974400","21613232","3"
"baseline","limit-batch","1","60","933.355000","64.284","15.176100","17.014300","19.002900","0.000000","15.625000","15.625000","78.125000","71032040","2","240","47431680","21574360","3"
"baseline","limit-batch","2","60","935.407800","64.143","15.463200","17.127000","19.001000","0.000000","31.250000","171.875000","203.125000","71034008","0","240","47431680","21574480","3"
"baseline","small-nosize","1","2000","6866.938100","291.251","3.008100","4.032900","4.997200","0.000999","453.125000","46.875000","656.250000","859899904","3","0","0","734000","3"
"baseline","small-nosize","2","2000","6779.759100","294.996","3.006300","4.026700","4.998100","0.000000","203.125000","0.000000","218.750000","859717360","6","0","0","734000","3"
"baseline","memory-nosize","1","60","757.984300","79.157","12.661900","13.974100","14.062500","0.000000","0.000000","0.000000","15.625000","55421224","0","180","31703040","21574516","3"
"baseline","memory-nosize","2","60","764.429900","78.490","12.965900","13.595600","14.561900","0.000000","0.000000","0.000000","31.250000","55416144","0","180","31703040","21574496","3"
"baseline","exact-nosize","1","60","1002.587300","59.845","16.995700","17.113200","18.624600","0.000000","78.125000","0.000000","78.125000","90472400","0","0","0","21574380","3"
"baseline","exact-nosize","2","60","992.582500","60.448","16.594000","17.149800","17.648800","0.000000","62.500000","0.000000","78.125000","90472608","0","0","0","21574380","3"
"neither","small-batch","1","2000","6781.096400","294.938","3.001500","4.999600","7.000000","0.001750","421.875000","62.500000","1781.250000","654953992","8","0","0","734000","3"
"neither","small-batch","2","2000","5716.880600","349.841","2.999600","3.989400","4.005100","0.001500","375.000000","62.500000","953.125000","650689376","10","0","0","734000","3"
"neither","small-pooled","1","2000","1120.196000","1785.402","17.004900","21.006100","23.000400","13.031511","750.000000","78.125000","1453.125000","654324440","5","0","0","734000","3"
"neither","small-pooled","2","2000","1081.560100","1849.181","17.001200","19.018000","24.001100","12.706881","671.875000","31.250000","1500.000000","652252088","7","0","0","734000","3"
"neither","memory-batch","1","60","710.520300","84.445","11.998600","13.997800","15.098600","0.000000","0.000000","109.375000","187.500000","39303536","4","120","15974400","21574164","3"
"neither","memory-batch","2","60","692.001100","86.705","11.079600","12.601100","14.011900","0.000000","31.250000","109.375000","140.625000","39276032","0","120","15974400","21574260","3"
"neither","file-batch","1","60","711.034900","84.384","11.996300","13.000000","20.000900","0.016672","62.500000","31.250000","140.625000","39292664","0","120","15974400","21574264","3"
"neither","file-batch","2","60","688.574900","87.136","11.002600","12.331200","12.998900","0.000000","46.875000","125.000000","171.875000","39292048","0","120","15974400","21574236","3"
"neither","memory-pooled","1","60","123.394200","486.247","57.999700","64.999200","66.002200","34.349838","93.750000","93.750000","296.875000","39361152","4","120","15974400","21574276","3"
"neither","memory-pooled","2","60","125.672500","477.431","59.186800","72.186600","79.186000","35.737038","265.625000","250.000000","687.500000","39351736","0","120","15974400","21574256","3"
"neither","exact-batch","1","60","468.755000","127.999","7.992400","8.460500","9.033500","0.016660","0.000000","0.000000","0.000000","31258096","0","0","0","21574140","3"
"neither","exact-batch","2","60","485.510100","123.581","8.000900","9.002100","9.012700","0.000000","0.000000","15.625000","15.625000","31255152","0","0","0","21574140","3"
"neither","exact-pooled","1","60","82.425200","727.933","40.000900","43.488100","46.488000","23.061042","15.625000","31.250000","93.750000","31362208","0","0","0","21574380","3"
"neither","exact-pooled","2","60","91.677100","654.471","43.999600","49.997900","56.001100","25.650215","156.250000","265.625000","546.875000","31362360","4","0","0","21574380","3"
"neither","dkim-batch","1","60","1430.836500","41.934","23.134400","27.001700","28.102300","0.000000","281.250000","31.250000","343.750000","373492784","7","120","15974400","21613244","3"
"neither","dkim-batch","2","60","1195.857800","50.173","19.617300","22.733600","25.001300","0.000000","156.250000","62.500000","234.375000","373446208","1","120","15974400","21613276","3"
"neither","limit-batch","1","60","772.122100","77.708","12.999200","13.999900","14.001700","0.016672","31.250000","0.000000","31.250000","55151728","0","180","31703040","21574336","3"
"neither","limit-batch","2","60","802.057400","74.808","13.003600","14.999200","16.996100","0.000000","46.875000","31.250000","156.250000","55154296","0","180","31703040","21574504","3"
"neither","small-nosize","1","2000","5682.983600","351.928","2.999700","3.996100","4.003800","0.000000","437.500000","46.875000","703.125000","648043640","3","0","0","734000","3"
"neither","small-nosize","2","2000","5709.209600","350.311","2.999700","3.999300","4.005700","0.000500","390.625000","31.250000","437.500000","647807280","4","0","0","734000","3"
"neither","memory-nosize","1","60","686.164500","87.443","11.001900","12.672700","13.011400","0.000000","93.750000","15.625000","218.750000","39290368","0","120","15974400","21574536","3"
"neither","memory-nosize","2","60","649.573200","92.368","10.998700","12.000600","12.006900","0.000000","0.000000","0.000000","125.000000","39284592","0","120","15974400","21574500","3"
"neither","exact-nosize","1","60","492.945000","121.717","8.003700","9.011000","9.526300","0.000000","0.000000","15.625000","31.250000","31250984","0","0","0","21574380","3"
"neither","exact-nosize","2","60","485.573200","123.565","8.000300","9.002600","9.589500","0.000000","0.000000","109.375000","109.375000","31251216","0","0","0","21574380","3"
"no-inspection","small-batch","1","2000","8024.700900","249.230","3.999900","5.039100","6.082000","0.000996","359.375000","31.250000","1812.500000","862746768","12","0","0","734000","3"
"no-inspection","small-batch","2","2000","7365.523500","271.535","3.997000","4.581300","5.035400","0.001013","390.625000","0.000000","765.625000","858808816","8","0","0","734000","3"
"no-inspection","small-pooled","1","2000","1491.850700","1340.617","22.534500","28.530500","31.838300","17.163648","5015.625000","468.750000","7703.125000","861895800","9","0","0","734000","3"
"no-inspection","small-pooled","2","2000","1386.763400","1442.207","21.740900","25.004200","27.001400","16.237014","1984.375000","171.875000","3015.625000","858594864","9","0","0","734000","3"
"no-inspection","memory-batch","1","60","845.104700","70.997","14.000800","15.083600","17.998900","0.000000","0.000000","125.000000","125.000000","55166064","3","180","31703040","21574164","3"
"no-inspection","memory-batch","2","60","790.911400","75.862","13.003000","14.028700","15.003700","0.000000","0.000000","15.625000","15.625000","55143656","0","180","31703040","21574260","3"
"no-inspection","file-batch","1","60","866.732800","69.225","14.029100","16.000600","17.269000","0.000000","15.625000","31.250000","46.875000","55168312","0","180","31703040","21574256","3"
"no-inspection","file-batch","2","60","826.497700","72.595","13.988700","15.001600","16.000000","0.016587","140.625000","0.000000","171.875000","55166832","0","180","31703040","21574244","3"
"no-inspection","memory-pooled","1","60","151.175600","396.889","73.069100","79.531400","82.531200","41.543015","234.375000","328.125000","687.500000","55228000","0","180","31703040","21574252","3"
"no-inspection","memory-pooled","2","60","147.961600","405.511","71.843000","75.863900","77.004300","40.651352","93.750000","62.500000","234.375000","55228400","0","180","31703040","21574244","3"
"no-inspection","exact-batch","1","60","513.979800","116.736","8.036900","9.652400","12.998700","0.000000","15.625000","0.000000","15.625000","31313976","3","0","0","21574380","3"
"no-inspection","exact-batch","2","60","511.895400","117.211","8.053000","9.086100","10.986000","0.000000","0.000000","93.750000","109.375000","31308608","0","0","0","21574380","3"
"no-inspection","exact-pooled","1","60","85.035400","705.588","41.060000","43.059600","44.612900","23.415302","31.250000","218.750000","328.125000","31414952","0","0","0","21574140","3"
"no-inspection","exact-pooled","2","60","85.748500","699.721","40.282700","43.496800","45.114100","23.112832","46.875000","125.000000","250.000000","31415216","0","0","0","21574140","3"
"no-inspection","dkim-batch","1","60","1213.942700","49.426","20.027700","22.043700","22.967500","0.000000","62.500000","31.250000","109.375000","373878424","2","120","15974400","21613264","3"
"no-inspection","dkim-batch","2","60","1262.323100","47.531","20.999600","22.231300","26.507800","0.000000","125.000000","31.250000","187.500000","373841608","2","120","15974400","21613240","3"
"no-inspection","limit-batch","1","60","964.664200","62.198","16.000300","17.550000","18.993800","0.000000","62.500000","46.875000","125.000000","71024240","0","240","47431680","21574344","3"
"no-inspection","limit-batch","2","60","921.032900","65.144","15.011600","17.001400","17.782800","0.000000","0.000000","109.375000","125.000000","71027640","0","240","47431680","21574508","3"
"no-inspection","small-nosize","1","2000","7117.442800","281.000","3.605800","4.138300","5.002000","0.001004","468.750000","46.875000","671.875000","854663816","3","0","0","734000","3"
"no-inspection","small-nosize","2","2000","7297.175600","274.079","3.997100","4.996200","5.006300","0.000261","562.500000","125.000000","750.000000","854599000","7","0","0","734000","3"
"no-inspection","memory-nosize","1","60","827.408700","72.516","13.967300","15.114600","18.008400","0.016700","46.875000","15.625000","156.250000","55147128","2","180","31703040","21574508","3"
"no-inspection","memory-nosize","2","60","783.478500","76.582","13.005400","14.005900","15.016400","0.000000","0.000000","0.000000","15.625000","55142616","0","180","31703040","21574488","3"
"no-inspection","exact-nosize","1","60","487.057100","123.189","7.999900","9.074100","10.554000","0.000000","0.000000","46.875000","62.500000","31264936","0","0","0","21574380","3"
"no-inspection","exact-nosize","2","60","491.011500","122.197","8.000300","9.002100","10.003000","0.000000","0.000000","171.875000","171.875000","31265144","0","0","0","21574380","3"
"no-size","small-batch","1","2000","6463.485000","309.431","3.001100","4.140400","5.012000","0.001496","250.000000","0.000000","1000.000000","676224944","12","0","0","734000","3"
"no-size","small-batch","2","2000","5972.337100","334.877","3.000000","4.000300","4.039100","0.000502","328.125000","15.625000","828.125000","670721280","9","0","0","734000","3"
"no-size","small-pooled","1","2000","1171.129300","1707.753","17.523600","22.512700","24.998000","13.364597","2375.000000","171.875000","4312.500000","674047136","6","0","0","734000","3"
"no-size","small-pooled","2","2000","1096.459300","1824.053","16.999900","20.001400","22.000600","12.692619","1953.125000","140.625000","3218.750000","671016296","10","0","0","734000","3"
"no-size","memory-batch","1","60","718.328300","83.527","11.998200","13.998200","16.006800","0.000000","0.000000","46.875000","62.500000","40558592","0","120","15974400","21574164","3"
"no-size","memory-batch","2","60","671.968300","89.290","11.001000","12.508500","13.002700","0.000000","15.625000","0.000000","31.250000","40527984","0","120","15974400","21574260","3"
"no-size","file-batch","1","60","696.044700","86.201","11.394900","12.974300","16.158700","0.000000","0.000000","46.875000","46.875000","40550368","0","120","15974400","21574264","3"
"no-size","file-batch","2","60","677.891700","88.510","11.027700","12.998400","13.006700","0.000000","31.250000","0.000000","46.875000","40550168","0","120","15974400","21574236","3"
"no-size","memory-pooled","1","60","112.999200","530.977","55.000800","59.004300","60.002600","31.217453","46.875000","46.875000","156.250000","40621432","0","120","15974400","21574268","3"
"no-size","memory-pooled","2","60","108.869000","551.121","51.001400","59.177300","61.179900","31.021968","78.125000","31.250000","187.500000","40611848","0","120","15974400","21574268","3"
"no-size","exact-batch","1","60","1025.557800","58.505","17.000900","18.122500","19.005500","0.000000","31.250000","0.000000","78.125000","90924112","0","0","0","21574140","3"
"no-size","exact-batch","2","60","1008.645000","59.486","16.998300","17.999400","18.998200","0.000000","15.625000","171.875000","187.500000","90918768","0","0","0","21574140","3"
"no-size","exact-pooled","1","60","162.493100","369.246","78.525500","84.179700","85.699300","44.977123","156.250000","109.375000","421.875000","91029544","0","0","0","21574380","3"
"no-size","exact-pooled","2","60","160.339300","374.206","78.100000","82.997900","85.004600","44.516337","125.000000","250.000000","375.000000","91028480","0","0","0","21574380","3"
"no-size","dkim-batch","1","60","1671.963700","35.886","27.619200","29.943500","32.082600","0.000000","890.625000","0.000000","890.625000","433822944","2","120","15974400","21613268","3"
"no-size","dkim-batch","2","60","1718.160600","34.921","28.179400","30.685900","33.998200","0.000000","703.125000","0.000000","703.125000","433825728","4","120","15974400","21613256","3"
"no-size","limit-batch","1","60","825.720400","72.664","13.997000","14.659800","15.010000","0.000000","31.250000","93.750000","234.375000","56431504","0","180","31703040","21574388","3"
"no-size","limit-batch","2","60","848.570500","70.707","14.000000","16.003800","16.512700","0.000000","15.625000","15.625000","31.250000","56421840","0","180","31703040","21574496","3"
"no-size","small-nosize","1","2000","5610.630200","356.466","2.998600","3.991200","4.016700","0.000480","156.250000","0.000000","515.625000","668231824","4","0","0","734000","3"
"no-size","small-nosize","2","2000","5774.856000","346.329","2.999700","3.962200","4.008400","0.000000","156.250000","0.000000","265.625000","667833456","3","0","0","734000","3"
"no-size","memory-nosize","1","60","660.722400","90.810","11.000200","12.006600","13.004600","0.000000","0.000000","0.000000","62.500000","40461800","0","120","15974400","21574480","3"
"no-size","memory-nosize","2","60","678.764300","88.396","11.001200","12.027800","14.007200","0.000000","31.250000","15.625000","62.500000","40455256","0","120","15974400","21574528","3"
"no-size","exact-nosize","1","60","991.640000","60.506","16.007500","17.573700","19.000400","0.000000","62.500000","31.250000","93.750000","90822016","0","0","0","21574620","3"
"no-size","exact-nosize","2","60","1001.731200","59.896","16.620600","18.001800","18.721400","0.000000","15.625000","0.000000","31.250000","90822200","0","0","0","21574620","3"
