"payload","operation","sample","iterations","wall_ns_per_op","cpu_ns_per_op","allocated_bytes_per_op","fork"
"small","render-and-protect","1","496","1025841.129","378024.194","115107.710","1"
"small","render-and-protect","2","560","916765.536","195312.500","114893.514","1"
"small","render-and-protect","3","640","800647.031","341796.875","114462.463","1"
"small","content-inspection","1","140320","3563.597","2227.052","10613.617","1"
"small","content-inspection","2","132128","3784.649","2128.618","10616.000","1"
"small","content-inspection","3","132816","3765.372","2235.235","10616.000","1"
"small","size-measurement","1","688","735461.483","272529.070","101747.849","1"
"small","size-measurement","2","704","713033.381","199751.420","101509.818","1"
"small","size-measurement","3","768","666396.354","386555.990","101488.448","1"
"small","mime-output-to-counter","1","768","653476.563","122070.313","101404.802","1"
"small","mime-output-to-counter","2","800","628780.000","292968.750","101376.000","1"
"small","mime-output-to-counter","3","832","601659.135","338040.865","101376.000","1"
"memory","render-and-protect","1","320","1590859.063","1220703.125","275393.125","1"
"memory","render-and-protect","2","320","1572320.313","976562.500","275386.025","1"
"memory","render-and-protect","3","320","1656193.750","1025390.625","275387.350","1"
"memory","content-inspection","1","59200","8448.140","5014.780","20760.000","1"
"memory","content-inspection","2","58896","8489.624","4244.770","20760.000","1"
"memory","content-inspection","3","55744","8972.325","4765.087","20760.000","1"
"memory","size-measurement","1","240","2118819.167","716145.833","259680.467","1"
"memory","size-measurement","2","240","2157865.833","846354.167","259671.233","1"
"memory","size-measurement","3","208","2505633.654","901442.308","259656.000","1"
"memory","mime-output-to-counter","1","272","1934600.735","402113.971","259477.088","1"
"memory","mime-output-to-counter","2","288","1787267.708","813802.083","259464.000","1"
"memory","mime-output-to-counter","3","320","1646135.313","1074218.750","259464.000","1"
"file","render-and-protect","1","320","1615308.125","1025390.625","275949.875","1"
"file","render-and-protect","2","320","1605071.875","1074218.750","275743.300","1"
"file","render-and-protect","3","336","1565949.702","976562.500","275721.190","1"
"file","content-inspection","1","58480","8550.407","5343.707","20760.000","1"
"file","content-inspection","2","58016","8619.177","6194.412","20760.000","1"
"file","content-inspection","3","57360","8718.347","4630.840","20760.000","1"
"file","size-measurement","1","224","2254760.714","488281.250","259728.000","1"
"file","size-measurement","2","224","2320808.482","697544.643","259728.000","1"
"file","size-measurement","3","224","2279212.054","906808.036","259728.000","1"
"file","mime-output-to-counter","1","256","1986875.000","793457.031","259656.000","1"
"file","mime-output-to-counter","2","256","2042573.828","854492.188","259656.000","1"
"file","mime-output-to-counter","3","256","2032779.688","915527.344","259656.000","1"
"exact","render-and-protect","1","1280","391973.984","109863.281","412976.000","1"
"exact","render-and-protect","2","1328","377603.916","94126.506","413014.982","1"
"exact","render-and-protect","3","1552","323153.995","261759.021","412976.000","1"
"exact","content-inspection","1","96","6051980.208","5208333.333","740258.000","1"
"exact","content-inspection","2","96","6066262.500","3743489.583","739784.000","1"
"exact","content-inspection","3","80","6282338.750","4492187.500","739784.000","1"
"exact","size-measurement","1","2304","217444.748","169542.101","72.000","1"
"exact","size-measurement","2","2112","238525.426","103574.811","72.034","1"
"exact","size-measurement","3","1888","265399.523","182070.975","72.000","1"
"exact","mime-output-to-counter","1","61176976","8.173","3.320","0.000","1"
"exact","mime-output-to-counter","2","61457904","8.136","3.814","0.000","1"
"exact","mime-output-to-counter","3","64313136","7.775","3.158","0.000","1"
"dkim","render-and-protect","1","48","12285983.333","6184895.833","6097223.500","1"
"dkim","render-and-protect","2","48","11436412.500","3255208.333","6098136.833","1"
"dkim","render-and-protect","3","48","11335697.917","4557291.667","6097091.333","1"
"dkim","content-inspection","1","80","6276802.500","3906250.000","751968.000","1"
"dkim","content-inspection","2","96","6170967.708","3743489.583","751968.000","1"
"dkim","content-inspection","3","96","6144551.042","2929687.500","751968.000","1"
"dkim","size-measurement","1","2224","225823.966","98358.813","6191.903","1"
"dkim","size-measurement","2","2368","211593.454","125369.510","6176.000","1"
"dkim","size-measurement","3","2352","212769.175","199298.469","6176.000","1"
"dkim","mime-output-to-counter","1","89632","5579.109","2614.859","6120.000","1"
"dkim","mime-output-to-counter","2","87568","5710.765","2498.059","6120.000","1"
"dkim","mime-output-to-counter","3","88384","5657.282","3182.137","6120.000","1"
"small","render-and-protect","1","512","989424.414","152587.891","115135.078","2"
"small","render-and-protect","2","560","899301.607","223214.286","114933.843","2"
"small","render-and-protect","3","624","813820.833","250400.641","114605.410","2"
"small","content-inspection","1","133344","3750.234","1992.028","10616.001","2"
"small","content-inspection","2","139088","3594.924","2471.457","10616.000","2"
"small","content-inspection","3","141424","3535.965","2209.667","10616.000","2"
"small","size-measurement","1","752","666114.096","519448.138","101707.713","2"
"small","size-measurement","2","800","625161.625","351562.500","101473.890","2"
"small","size-measurement","3","816","614691.667","382965.686","101467.441","2"
"small","mime-output-to-counter","1","848","595256.250","331662.736","101360.000","2"
"small","mime-output-to-counter","2","864","590867.824","397858.796","101360.000","2"
"small","mime-output-to-counter","3","816","630701.103","325520.833","101360.069","2"
"memory","render-and-protect","1","272","1845409.926","517003.676","275570.588","2"
"memory","render-and-protect","2","288","1798842.014","488281.250","275561.222","2"
"memory","render-and-protect","3","304","1709143.750","770970.395","275562.868","2"
"memory","content-inspection","1","59904","8348.182","4434.178","20808.000","2"
"memory","content-inspection","2","58336","8573.401","3481.984","20808.000","2"
"memory","content-inspection","3","55872","8952.447","5593.141","20808.000","2"
"memory","size-measurement","1","224","2383237.946","837053.571","259640.500","2"
"memory","size-measurement","2","224","2280440.625","837053.571","259636.607","2"
"memory","size-measurement","3","272","1932068.750","1378676.471","259587.324","2"
"memory","mime-output-to-counter","1","304","1651657.237","1027960.526","259504.000","2"
"memory","mime-output-to-counter","2","304","1657836.842","925164.474","259439.921","2"
"memory","mime-output-to-counter","3","304","1719507.566","1027960.526","259424.000","2"
"file","render-and-protect","1","320","1591540.313","976562.500","276027.050","2"
"file","render-and-protect","2","320","1602945.938","1025390.625","275921.450","2"
"file","render-and-protect","3","320","1617524.375","1074218.750","275908.300","2"
"file","content-inspection","1","59536","8399.326","5773.818","20808.000","2"
"file","content-inspection","2","59264","8437.508","6327.619","20808.000","2"
"file","content-inspection","3","59392","8420.639","5787.817","20808.000","2"
"file","size-measurement","1","240","2217767.500","911458.333","259688.000","2"
"file","size-measurement","2","224","2277081.250","1185825.893","259688.000","2"
"file","size-measurement","3","224","2290102.232","767299.107","259688.000","2"
"file","mime-output-to-counter","1","240","2090811.250","520833.333","259616.000","2"
"file","mime-output-to-counter","2","240","2234420.833","651041.667","259616.000","2"
"file","mime-output-to-counter","3","256","2079922.266","549316.406","259616.000","2"
"exact","render-and-protect","1","1456","345305.975","225360.577","412976.000","2"
"exact","render-and-protect","2","1440","348880.694","162760.417","413011.950","2"
"exact","render-and-protect","3","1472","341335.870","233525.815","412976.000","2"
"exact","content-inspection","1","96","6142718.750","2929687.500","740082.000","2"
"exact","content-inspection","2","96","6153950.000","4069010.417","739800.000","2"
"exact","content-inspection","3","80","6273767.500","2929687.500","739800.000","2"
"exact","size-measurement","1","2144","234925.840","123892.257","72.000","2"
"exact","size-measurement","2","2080","242152.692","150240.385","72.035","2"
"exact","size-measurement","3","1776","283399.099","105574.324","72.000","2"
"exact","mime-output-to-counter","1","62608640","7.986","1.997","0.000","2"
"exact","mime-output-to-counter","2","64768272","7.720","5.549","0.000","2"
"exact","mime-output-to-counter","3","62740176","7.969","3.985","0.000","2"
"dkim","render-and-protect","1","48","11656110.417","4882812.500","6096924.000","2"
"dkim","render-and-protect","2","48","11292260.417","7486979.167","6097993.667","2"
"dkim","render-and-protect","3","48","11612341.667","4557291.667","6096907.333","2"
"dkim","content-inspection","1","96","6165210.417","3255208.333","751984.000","2"
"dkim","content-inspection","2","96","6088293.750","3580729.167","751984.000","2"
"dkim","content-inspection","3","96","6086039.583","3092447.917","751984.000","2"
"dkim","size-measurement","1","2336","215193.707","127086.901","6186.836","2"
"dkim","size-measurement","2","2320","215840.431","87553.879","6176.000","2"
"dkim","size-measurement","3","2368","212255.828","118771.115","6176.000","2"
"dkim","mime-output-to-counter","1","89040","5615.736","2456.761","6104.000","2"
"dkim","mime-output-to-counter","2","88704","5637.360","2994.510","6104.000","2"
"dkim","mime-output-to-counter","3","76576","6530.032","3876.867","6104.000","2"
"small","render-and-protect","1","528","960092.803","295928.030","115024.273","3"
"small","render-and-protect","2","560","893365.893","251116.071","114618.071","3"
"small","render-and-protect","3","704","717909.375","577059.659","114266.830","3"
"small","content-inspection","1","141216","3541.025","2102.276","9872.001","3"
"small","content-inspection","2","138992","3597.874","2473.164","9872.000","3"
"small","content-inspection","3","140304","3563.784","2338.672","9872.000","3"
"small","size-measurement","1","768","662028.516","488281.250","101688.177","3"
"small","size-measurement","2","832","609988.221","413161.058","101516.125","3"
"small","size-measurement","3","832","603010.337","300480.769","101464.356","3"
"small","mime-output-to-counter","1","736","686237.364","148607.337","101360.000","3"
"small","mime-output-to-counter","2","736","682346.060","212296.196","101360.000","3"
"small","mime-output-to-counter","3","752","678188.165","228557.181","101360.074","3"
"memory","render-and-protect","1","288","1760478.472","976562.500","275275.056","3"
"memory","render-and-protect","2","288","1737907.639","759548.611","275272.222","3"
"memory","render-and-protect","3","288","1740409.028","596788.194","275274.250","3"
"memory","content-inspection","1","60976","8201.920","4099.974","19584.000","3"
"memory","content-inspection","2","62496","8001.778","4500.288","19584.000","3"
"memory","content-inspection","3","61808","8089.859","5308.779","19584.000","3"
"memory","size-measurement","1","240","2210432.083","1367187.500","259640.467","3"
"memory","size-measurement","2","272","1937027.574","1206341.912","259629.353","3"
"memory","size-measurement","3","272","1873490.074","1436121.324","259616.000","3"
"memory","mime-output-to-counter","1","304","1720569.408","822368.421","259424.000","3"
"memory","mime-output-to-counter","2","288","1737193.403","922309.028","259424.000","3"
"memory","mime-output-to-counter","3","304","1652995.395","1233552.632","259424.000","3"
"file","render-and-protect","1","320","1592543.750","1123046.875","275859.575","3"
"file","render-and-protect","2","272","1921891.912","746783.088","275685.353","3"
"file","render-and-protect","3","272","1866896.691","631893.382","275630.882","3"
"file","content-inspection","1","60480","8267.422","3358.548","19584.000","3"
"file","content-inspection","2","62192","8040.968","4773.524","19584.000","3"
"file","content-inspection","3","62400","8013.080","3004.808","19584.000","3"
"file","size-measurement","1","224","2400211.607","627790.179","259632.000","3"
"file","size-measurement","2","224","2342999.554","976562.500","259632.000","3"
"file","size-measurement","3","224","2239539.286","1046316.964","259632.000","3"
"file","mime-output-to-counter","1","288","1799952.083","922309.028","259560.000","3"
"file","mime-output-to-counter","2","288","1802363.194","1139322.917","259560.000","3"
"file","mime-output-to-counter","3","288","1779778.125","1627604.167","259560.000","3"
"exact","render-and-protect","1","1472","340347.079","265370.245","412976.000","3"
"exact","render-and-protect","2","1488","336126.411","220514.113","413010.790","3"
"exact","render-and-protect","3","1488","338237.970","189012.097","412976.000","3"
"exact","content-inspection","1","80","6257211.250","4296875.000","740376.000","3"
"exact","content-inspection","2","96","6268866.667","4720052.083","740376.000","3"
"exact","content-inspection","3","96","6202852.083","3255208.333","740376.000","3"
"exact","size-measurement","1","2320","216665.647","148168.103","72.000","3"
"exact","size-measurement","2","2160","231866.944","130208.333","72.033","3"
"exact","size-measurement","3","1888","264849.523","132415.254","72.000","3"
"exact","mime-output-to-counter","1","65538032","7.629","3.815","0.000","3"
"exact","mime-output-to-counter","2","65780576","7.601","4.038","0.000","3"
"exact","mime-output-to-counter","3","66149312","7.559","4.724","0.000","3"
"dkim","render-and-protect","1","48","10902422.917","8138020.833","6096799.333","3"
"dkim","render-and-protect","2","48","11115264.583","8463541.667","6097866.000","3"
"dkim","render-and-protect","3","48","10695572.917","9765625.000","6096850.667","3"
"dkim","content-inspection","1","96","6063853.125","5533854.167","752560.000","3"
"dkim","content-inspection","2","96","6122153.125","3906250.000","752560.000","3"
"dkim","content-inspection","3","96","6167640.625","2604166.667","752560.000","3"
"dkim","size-measurement","1","2080","242147.019","165264.423","6198.250","3"
"dkim","size-measurement","2","2272","221367.474","144421.215","6176.000","3"
"dkim","size-measurement","3","2320","216412.672","107758.621","6176.000","3"
"dkim","mime-output-to-counter","1","84960","5885.693","2574.741","6104.000","3"
"dkim","mime-output-to-counter","2","74240","6735.591","4630.253","6104.000","3"
"dkim","mime-output-to-counter","3","79888","6259.724","4889.658","6104.000","3"
