"scenario","variant","batches","median_ms_per_email","min_ms_per_email","max_ms_per_email","median_sender_cpu_ms_per_email","median_fixture_cpu_ms_per_email","median_allocated_bytes_per_email","median_p95_ms","median_queue_ms","median_attachment_opens_per_email","median_attachment_read_bytes_per_email"
"dkim-batch","baseline","6","17.92891375","17.50564","19.192715","0.9765625","0.5859375","6698593.9","20.06095","0","2","266240"
"dkim-batch","no-size","6","17.85544875","17.5759525","18.5681375","2.1484375","0.5859375","6692874.800000001","19.7945","0","2","266240"
"dkim-batch","reference","6","23.80485875","23.5599325","24.136435","13.0859375","0","7060319.5","25.46275","0","2","266240"
"exact-batch","baseline","6","9.000129999999999","8.92949","9.238642500000001","0.1953125","0.1953125","1083173.9","10.0048","0","0","0"
"exact-batch","no-size","6","8.759373750000002","8.687515000000001","9.1593125","0.78125","0.390625","1082817.3","9.99845","0","0","0"
"exact-batch","reference","6","14.878005","14.627522500000001","15.2942375","0.78125","0.390625","1443005.2","16.0086","0","0","0"
"exact-nosize","baseline","6","8.4666575","8.319315","8.732145","0","0.1953125","1080233.2000000002","9.053049999999999","0","0","0"
"exact-nosize","no-size","6","8.6089925","8.3321875","8.763265","0.5859375","0.1953125","1080159.9","9.81755","0","0","0"
"exact-nosize","reference","6","14.758965","14.360605000000001","15.0646525","1.3671875","0.1953125","1439673.4","16.00905","0","0","0"
"exact-pooled","baseline","6","1.5311649999999999","1.4545125","1.6505475","0.1953125","0.390625","1085005.1","48.39265","21.258834","0","0"
"exact-pooled","no-size","6","1.47251625","1.3703775","1.568715","0.1953125","0.390625","1084548","45.766000000000005","20.276751500000003","0","0"
"exact-pooled","reference","6","2.20602625","2.1112100000000003","2.38499","0.78125","1.171875","1444682.1","70.33494999999999","31.257430499999998","0","0"
"file-batch","baseline","6","9.62994","9.432595000000001","10.2378275","0.78125","0.390625","782815.3","10.379","0","3","528384"
"file-batch","no-size","6","8.764521250000001","8.354330000000001","9.451184999999999","0.1953125","0.390625","565895.8","10.0937","0","2","266240"
"file-batch","reference","6","9.81100125","9.2990925","9.9760525","0.9765625","0.390625","783194","11.0005","0","3","528384"
"limit-batch","baseline","6","9.999265000000001","9.206255","10.049375000000001","0.1953125","0.1953125","996411.6","11.00235","0","4","790528"
"limit-batch","no-size","6","8.94650125","8.5799775","9.6868275","0.390625","0.5859375","781808.1","10.001349999999999","0","3","528384"
"limit-batch","reference","6","9.79146875","9.5612275","10.7928125","0.5859375","0.390625","998214.5","10.8003","0","4","790528"
"memory-batch","baseline","6","9.21247125","8.986337500000001","9.591437500000001","0","0.5859375","782181.1","10.006499999999999","0","3","528384"
"memory-batch","no-size","6","8.39706625","8.279845","8.562445","0","0.5859375","565147.5","9.06625","0","2","266240"
"memory-batch","reference","6","9.204347499999999","8.88983","9.4102475","0.5859375","0.390625","782417.1","10.00285","0","3","528384"
"memory-nosize","baseline","6","8.91340875","8.51738","9.2658675","0","0","778621.2","10.00615","0","3","528384"
"memory-nosize","no-size","6","8.05072","7.8480575","9.00354","0.5859375","0","563303.1000000001","9.0278","0","2","266240"
"memory-nosize","reference","6","9.162581249999999","8.853","9.5279175","0.1953125","0.5859375","779158.7","10.004100000000001","0","3","528384"
"memory-pooled","baseline","6","1.69421","1.6625150000000002","1.7912925000000002","0.390625","0.78125","783866.6000000001","53.7144","23.758736499999998","3","528384"
"memory-pooled","no-size","6","1.4828475","1.427805","1.5816075","1.3671875","2.5390625","567072.8","46.759249999999994","20.6835625","2","266240"
"memory-pooled","reference","6","1.55583375","1.475225","1.7200624999999998","0.5859375","0.5859375","784265.7","49.6918","22.2273125","3","528384"
"small-batch","baseline","6","1.70113005","1.3774537","2.0654741","0.0546875","0.0234375","367706.464","2.5076","0.0009925","0","0"
"small-batch","no-size","6","1.53619335","1.1744068","1.8762648","0.0625","0.0234375","282926.164","2.50115","0.0010015","0","0"
"small-batch","reference","6","1.8168893499999998","1.3551546","2.3093231","0.1484375","0.0234375","367528.09199999995","2.62115","0.0020035","0","0"
"small-nosize","baseline","6","1.2645171","1.1390896","1.3295592999999999","0.0546875","0.0234375","364476.07200000004","2.00265","0.0004945","0","0"
"small-nosize","no-size","6","1.0815641","0.9905311","1.1551148","0.0546875","0","280339.53599999996","1.99945","0.0004995","0","0"
"small-nosize","reference","6","1.33995335","1.2203284","1.4652503","0.0390625","0.015625","365121.3","2.0037000000000003","0.0007605","0","0"
"small-pooled","baseline","6","0.39378494999999997","0.3551109","0.43556779999999995","0.1015625","0.015625","368389.672","15.499600000000001","9.094192","0","0"
"small-pooled","no-size","6","0.3265958","0.30603250000000004","0.3527145","0.1953125","0.0234375","283835.69200000004","12.940100000000001","7.342376","0","0"
"small-pooled","reference","6","0.39814324999999995","0.365595","0.41743369999999996","0.1328125","0.0234375","368517.412","14.106100000000001","9.1615675","0","0"
