<?xml version="1.0" encoding="iso-8859-1"?>
<!--
    DO NOT ALTER OR REMOVE COPYRIGHT NOTICES OR THIS HEADER.

    Copyright 1997-2009 Sun Microsystems, Inc. All rights reserved.

    The contents of this file are subject to the terms of either the GNU
    General Public License Version 2 only ("GPL") or the Common Development
    and Distribution License("CDDL") (collectively, the "License").  You
    may not use this file except in compliance with the License. You can obtain
    a copy of the License at https://glassfish.dev.java.net/public/CDDL+GPL.html
    or glassfish/bootstrap/legal/LICENSE.txt.  See the License for the specific
    language governing permissions and limitations under the License.

    When distributing the software, include this License Header Notice in each
    file and include the License file at glassfish/bootstrap/legal/LICENSE.txt.
    Sun designates this particular file as subject to the "Classpath" exception
    as provided by Sun in the GPL Version 2 section of the License file that
    accompanied this code.  If applicable, add the following below the License
    Header, with the fields enclosed by brackets [] replaced by your own
    identifying information: "Portions Copyrighted [year]
    [name of copyright owner]"

    Contributor(s):

    If you wish your version of this file to be governed by only the CDDL or
    only the GPL Version 2, indicate your decision by adding "[Contributor]
    elects to include this software in this distribution under the [CDDL or GPL
    Version 2] license."  If you don't indicate a single choice of license, a
    recipient has the option to distribute your version of this file under
    either the CDDL, the GPL Version 2 or to extend the choice of license to
    its licensees as provided above.  However, if you add GPL Version 2 code
    and therefore, elected the GPL Version 2 license, then the option applies
    only if the new code is made subject to such option by the copyright
    holder.
-->

<assembly>
    <formats>
	<format>zip</format>
    </formats>
    <baseDirectory>javamail-${mail.version}</baseDirectory>
    <moduleSets>
	<!-- include the main mail.jar file -->
	<moduleSet>
	    <includes>
		<include>javax.mail:mail</include>
	    </includes>
	    <binaries>
		<includeDependencies>false</includeDependencies>
		<unpack>false</unpack>
		<outputFileNameMapping>
		    ${module.artifactId}.${module.extension}
		</outputFileNameMapping>
	    </binaries>
	</moduleSet>

	<!-- include jar files from these modules in the lib directory -->
	<moduleSet>
	    <includes>
		<include>javax.mail:mailapi</include>
		<include>com.sun.mail:smtp</include>
		<include>com.sun.mail:imap</include>
		<include>com.sun.mail:pop3</include>
		<include>com.sun.mail:dsn</include>
	    </includes>
	    <binaries>
		<includeDependencies>false</includeDependencies>
		<unpack>false</unpack>
		<outputDirectory>lib</outputDirectory>
		<outputFileNameMapping>
		    ${module.artifactId}.${module.extension}
		</outputFileNameMapping>
	    </binaries>
	</moduleSet>

	<!-- include sources from the demo modules -->
	<moduleSet>
	    <includes>
		<include>com.sun.mail:demo</include>
	    </includes>
	    <sources>
		<fileSets>
		    <fileSet>
			<directory>src/main/java</directory>
			<excludes>
			    <exclude>internal/**</exclude>
			</excludes>
		    </fileSet>
		</fileSets>
	    </sources>
	</moduleSet>

	<moduleSet>
	    <includes>
		<include>com.sun.mail:client</include>
	    </includes>
	    <sources>
		<includeModuleDirectory>false</includeModuleDirectory>
		<fileSets>
		    <fileSet>
			<directory>src/main/java</directory>
			<outputDirectory>demo/client</outputDirectory>
			<excludes>
			    <exclude>internal/**</exclude>
			</excludes>
		    </fileSet>
		</fileSets>
	    </sources>
	</moduleSet>

	<moduleSet>
	    <includes>
		<include>com.sun.mail:servlet</include>
	    </includes>
	    <sources>
		<includeModuleDirectory>false</includeModuleDirectory>
		<fileSets>
		    <fileSet>
			<directory>src/main/java</directory>
			<outputDirectory>demo/servlet</outputDirectory>
		    </fileSet>
		</fileSets>
	    </sources>
	</moduleSet>

	<moduleSet>
	    <includes>
		<include>com.sun.mail:webapp</include>
	    </includes>
	    <sources>
		<includeModuleDirectory>false</includeModuleDirectory>
		<fileSets>
		    <fileSet>
			<directory>src/main/java</directory>
			<outputDirectory>
			    demo/webapp/src/classes
			</outputDirectory>
		    </fileSet>
		    <fileSet>
			<directory>src/main/webapp</directory>
			<outputDirectory>
			    demo/webapp/src/docroot
			</outputDirectory>
		    </fileSet>
		    <fileSet>
			<directory></directory>
			<outputDirectory>demo/webapp</outputDirectory>
			<includes>
			    <include>build.*</include>
			    <include>webapp.README.txt</include>
			</includes>
		    </fileSet>
		</fileSets>
	    </sources>
	</moduleSet>

	<moduleSet>
	    <includes>
		<include>com.sun.mail:taglib</include>
	    </includes>
	    <sources>
		<includeModuleDirectory>false</includeModuleDirectory>
		<fileSets>
		    <fileSet>
			<directory>src/main/java</directory>
			<outputDirectory>
			    demo/webapp/src/taglib
			</outputDirectory>
		    </fileSet>
		    <fileSet>
			<directory>src/main/resources</directory>
			<outputDirectory>
			    demo/webapp/src/taglib
			</outputDirectory>
		    </fileSet>
		</fileSets>
	    </sources>
	</moduleSet>
    </moduleSets>

    <!-- include docs, specs, and javadocs -->
    <fileSets>
	<fileSet>
	    <directory>doc/release</directory>
	    <outputDirectory></outputDirectory>
	    <filtered>true</filtered>
	    <includes>
		<include>*.txt</include>
	    </includes>
	</fileSet>
	<fileSet>
	    <directory>doc/spec</directory>
	    <outputDirectory>docs</outputDirectory>
	</fileSet>
	<fileSet>
	    <!-- only works within Sun -->
	    <directory>/net/anybodys.sfbay/export6/javamail/spec</directory>
	    <outputDirectory>docs</outputDirectory>
	    <includes>
		<include>JavaMail-1.4.pdf</include>
		<include>Providers.pdf</include>
	    </includes>
	</fileSet>
	<fileSet>
	    <directory>javadoc/target/site/apidocs</directory>
	    <outputDirectory>docs/javadocs</outputDirectory>
	</fileSet>
    </fileSets>
</assembly>
